sku,product_type_zh,name_zh,contents_zh
228-2523,运动部件,VEX IQ 车轮附加套装,小号轮毂; 大号轮毂; 10mm直径滑轮; 100mm行程橡胶轮胎; 160mm行程橡胶轮胎; 200mm行程橡胶轮胎; 250mm行程橡胶轮胎
228-2532,运动部件,VEX IQ 齿轮附加套装,12齿齿轮; 36齿齿轮; 60齿齿轮; 36齿冠状齿轮; 齿条; 线性滑块; 蜗杆; 蜗杆支架
228-2534,运动部件,VEX IQ 链条和链轮套装,链条; 8齿链轮; 16齿链轮; 24齿链轮; 32齿链轮; 40齿链轮
228-2536,运动部件,VEX IQ 200mm万向轮（2只装）,
228-2560,电子部件,VEX IQ 智能电机,
228-2677,电子部件,VEX IQ 碰撞开关,
228-2743,电子部件,VEX IQ 主控器电池充电器,
228-2779,电子部件,VEX IQ 遥控器电池,
228-2780,电子部件,VEX IQ 智能电缆（6条装）,200mm智能电缆; 300mm智能电缆; 400mm智能电缆; 600mm智能电缆
228-2785,电子部件,USB Micro-A电缆,
228-2786,电子部件,VEX IQ 联机电缆,
228-2878,运动部件,VEX IQ 坦克履带和搜集器套装,履带连接链; 24齿链轮; 防滑链; 搜集器刮片（短）; 搜集器刮片（中）; 搜集器刮片（长）
228-2930,其他配件,VEX IQ 零件分类盘,
228-3010,电子部件,VEX IQ LED触碰传感器,
228-3011,电子部件,VEX IQ 测距仪,
228-3012,电子部件,VEX IQ 辨色仪,
228-3015,电子部件,VEX IQ 2.4GHz天线,
228-3057,运动部件,VEX IQ 传动轴附加套装,2x钢轴（23.6mm）; 4x钢轴（49.0mm）; 6x钢轴（74.4mm）; 8x钢轴（99.8mm）
228-3058,结构部件,VEX IQ 销钉合装,1x1销钉; 1x2销钉; 2x2销钉
228-3167,结构部件,VEX IQ 带磁直梁对装,
228-3319,其他配件,VEX IQ 机器人教育指南,
228-3493,电子部件,VEX IQ机器人AA电池盒,
228-3502,运动部件,VEX IQ 齿轮基础合装,12齿齿轮; 36齿齿轮; 60齿齿轮; 36齿冠状齿轮
228-3503,结构部件,VEX IQ 1x直梁基础合装,1x3直梁; 1x4直梁; 1x6直梁; 1x8直梁; 1x10直梁; 1x12直梁
228-3504,结构部件,VEX IQ 4x矩形块基础合装,4x4矩形块; 4x12矩形块
228-3505,运动部件,VEX IQ 车轮基础合装,44mm轮毂; 200mm橡胶轮胎
228-3507,运动部件,VEX IQ 转盘基础合装,推力轴承光滑轴衬; 大号推力轴承光滑轴衬; 推力轴承外壳; 大号推力轴承外壳
228-3508,运动部件,VEX IQ 滑轮基础合装,10mm滑轮; 20mm滑轮; 30mm滑轮; 40mm滑轮; 30mm橡胶皮带; 40mm橡胶皮带; 50mm橡胶皮带; 60mm橡胶皮带; 轮胎（100mm行程）
228-3509,结构部件,VEX IQ 2x直梁基础合装,2x2直梁; 2x4直梁; 2x6直梁; 2x8直梁; 2x10直梁; 2x12直梁; 2x16直梁; 2x20直梁
228-3510,运动部件,VEX IQ 轴箍（30个装）,
228-3511,运动部件,VEX IQ 基础运动配件合装,垫片; 0.5x垫圈; 轴衬; 2x2锁片; 1x3锁片
228-3512,结构部件,VEX IQ 弯梁基础合装,3x4 T型梁; 2x3 直角梁; 3x3 30度角弯梁; 3x3 45度角弯梁; 3x3 60度角弯梁; 3x5 直角梁; 4x4 直角位移弯梁; 橡皮筋固定锚
228-3513,结构部件,VEX IQ 转角连接头基础合装,大底盘转角连接头; 小底盘转角连接头; 双脚 1x2转角连接头; 单脚1x1位移转角连接头; 双脚2x1位移转角连接头; 双脚2x1转角连接头; 双脚1x1位移转角连接头; 双脚2x2转角连接头; 双脚1x2位移转角连接头; 蜗轮支架
228-3514,结构部件,VEX IQ 撑柱基础合装,0.5x撑柱; 1x撑柱; 2x撑柱; 4x撑柱; 6x撑柱; 迷你撑柱连接头; 末端撑柱连接头
228-3515,结构部件,VEX IQ 4x矩形块基础附加合装,4x6矩形块; 4x8矩形块; 4x12矩形块
228-3516,结构部件,VEX IQ 撑柱基础附加合装,0.5x撑柱; 1x撑柱; 4x撑柱; 6x撑柱; 迷你撑柱; 直撑柱连接头; 末端撑柱连接头
228-3517,结构部件,VEX IQ 转角连接头基础附加合装,大底盘转角连接头; 双脚1x2转角连接头; 双脚2x1位移转角连接头; 双脚2x1转角连接头; 双脚1x1位移转角连接头; 双脚2x2转角连接头; 双脚1x2位移转角连接头; 蜗轮支架
228-3518,结构部件,VEX IQ 2x直梁基础附加合装,2x2直梁; 2x4直梁; 2x6直梁; 2x8直梁; 2x10直梁; 2x12直梁; 2x16直梁; 2x20直梁
228-3519,结构部件,VEX IQ 1x直梁基础附加合装,1x3直梁; 1x4直梁; 1x6直梁; 1x8直梁; 1x10直梁; 1x12直梁
228-3530,电子部件,VEX IQ 智能天线,
228-3620,运动部件,VEX IQ 胶轴基础合装,1x1惰轮销钉; 0x2惰轮销钉; 2x胶轴; 3x胶轴; 4x胶轴; 5x胶轴; 2x电机轴; 3x电机轴; 4x电机轴; 2x钉轴; 3x钉轴; 4x钉轴; 5x钉轴
228-3991,其他配件,VEX IQ 超级套装目录及组装指导海报,
228-4012,电子部件,VEX IQ 智能电缆（8条装）,200mm智能电缆; 300mm智能电缆; 400mm智能电缆; 600mm智能电缆
228-4034,结构部件,VEX IQ 智能电机安装加固合装,单电机支撑帽; 双电机支撑帽
228-4035,其他配件,销钉钳,
228-4127,运动部件,VEX IQ 24t和48t齿轮合装,24齿齿轮; 48齿齿轮; 0x2惰轮销钉; 1x2惰轮销钉
228-4339,其他配件,VEX IQ 机器人教育指南教师补充用书,
228-4413,结构部件,VEX IQ 2x直梁合装（奇数孔）,2x3直梁; 2x5直梁; 2x7直梁; 2x9直梁
228-4414,结构部件,VEX IQ 1x2直梁（20条装）,
228-4415,结构部件,VEX IQ 加大矩形块附加合装,6x12矩形块; 12x12矩形块
228-4416,结构部件,VEX IQ 1x加长直梁合装,1x14直梁; 1x16直梁; 1x18直梁; 1x20直梁
228-4417,结构部件,VEX IQ 薄片销钉（50个装）,
228-4418,运动部件,VEX IQ 差分齿轮和伞形齿轮合装,0x2惰轮销钉; 1x2惰轮销钉; 18齿伞形齿轮; 差分齿轮; 双头双脚2x2双位移转角连接头
228-4419,结构部件,VEX IQ 万向连接头合装,万向连接头; 双头1x1转角连接头; 双头2x1转角连接头
228-4420,运动部件,VEX IQ 加长传动轴附加合装,9x传动轴; 10x传动轴; 11x传动轴; 12x传动轴; 14x传动轴; 16x传动轴; 18x传动轴; 20x传动轴; 22x传动轴; 24x传动轴
228-4422,电子部件,VEX IQ 加长智能电缆 (8条装),800mm智能电缆; 1.0m智能电缆; 1.2m智能电缆; 1.4m智能电缆; 1.6m智能电缆; 2.0m智能电缆
228-4423,电子部件,VEX IQ 200mm智能电缆（4条装）,
228-4967,其他配件,VEX IQ 方块套装,红色方块; 蓝色方块; 绿色方块
228-4983,运动部件,VEX IQ 链条附加套装,
228-5270,其他配件,VEX IQ 螺旋桨扇叶和离合器合装,蓝色螺旋桨扇叶; 绿色螺旋桨扇叶; 橙色螺旋桨扇叶; 螺旋桨离合器
228-5653,结构部件,VEX IQ 2x加长直梁合装,2x14 直梁; 2x16 直梁; 2x18 直梁; 2x20 直梁
228-5654,结构部件,VEX IQ 减震器合装,2x 强力减震器; 2x 轻力减震器
228-5655,运动部件,VEX IQ 行星齿轮和XL转盘合装,0x2惰轮销钉; 0x3惰轮销钉; 1x2惰轮销钉; 垫圈; 3x3十字梁; XL转盘外壳; XL转盘轴承; XL36齿内置环形轴承; 12齿齿轮
228-5656,结构部件,VEX IQ 带帽销钉合装,0x2带帽销钉; 0x3带帽销钉
228-5657,结构部件,VEX IQ 转角连接头高级附加合装,单脚 1x1 转角连接头; 双脚 2x2 位移转角连接头; 双脚 3x2 转角连接头; 双头双脚 2x2 转角连接头; 双头双脚 1x2 转角连接头; 双头双脚 1x2 位移转角连接头; 单脚 1x2 转角连接头; 三头单脚 1x1 转角连接头; 三头单双脚 1x2 转角连接头; 三头双脚 2x2 转角连接头; 1x2 左侧底盘转角连接头; 1x2 右侧底盘转角连接头
228-5671,其他配件,VEX IQ 工程笔记本（5本装）,空白页（以及示例和指导）
228-6470,电子部件,VEX IQ v2遥控器,
228-6480,电子部件,VEX IQ v2主控器,
228-6519,结构部件,VEX IQ 智能电缆固定锚（20个装）,
228-6633,其他配件,VEX IQ 硅橡胶皮筋 #32(10根装),
228-6634,其他配件,VEX IQ 硅橡胶皮筋 #64 (10根装),
228-7045,电子部件,"VEX IQ v2 主控器电池 (Li-Ion,2000mAh)",
228-7082,电子部件,VEX IQ 光感仪,
228-7106,电子部件,VEX IQ v2 测距仪,
228-7423,其他配件,VEX IQ销钉钳（10个装）,
228-7456,运动部件,VEX IQ钢质电机轴附加合装,2x电机轴; 3x电机轴; 4x电机轴
228-7457,运动部件,VEX IQ钢质短钉轴附加合装,2x钉轴; 3x钉轴; 4x钉轴; 5x钉轴
228-7458,运动部件,VEX IQ钢质长钉轴附加合装,6x钉轴; 7x钉轴; 8x钉轴; 9x钉轴; 10x钉轴; 11x钉轴; 12x钉轴
228-7459,运动部件,VEX IQ飞轮配重（4个装）,6x飞轮配重
228-7461,结构部件,VEX IQ撑柱延展连接头（100个装）,
228-7597,套装产品,VEX IQ 竞赛附加套装(第二代),
228-7721,气动部件,气罐 70mL,
228-7722,气动部件,气动控制阀,
228-7723,气动部件,气缸,
228-7725,气动部件,气泵,
228-7728,气动部件,IQ气动导气管套装,4mm 气管; T型接口; 直通接口
228-7883,结构部件,转角梁合装,1x1 左转角梁; 1x1 右转角梁; 2x1 左转角梁; 2x1 右转角梁; 2x2 左转角梁; 2x2 右转角梁; 2x1 延展左转角梁; 2x1 延展右转角梁; 2x2 延展左转角梁; 2x2 延展右转角梁
228-7884,运动部件,绞盘和绳索合装,0.25x 撑柱; 1x 绕线轮; 2x 绕线轮; 12x 绳索; 16x 绳索; 20x 绳索; 24x 绳索; 36x 绳索; 48x 绳索; 60x 绳索; 72x 绳索; 96x 绳索; 120x 绳索; 2x30mm 硅皮筋; 16t 棘轮; 40t 棘轮; 短薄棘爪; 5x 惰滑轮; 1x3 大号起重吊钩; 垫圈
228-7885,运动部件,橡胶胎面和气胎合装,2x2 中心位移圆形锁片; 2x宽 32.2mm轮毂; 2x宽 3x 轮胎; 2x宽 48.5mm轮毂; 2x宽 7x 气胎; 2x宽 5.5x 气胎; 2x宽 3.5x 气胎; 2x宽 5x 气胎; 小号橡胶搜集带; 大号橡胶搜集带
228-7886,运动部件,混合齿轮合装,12t 混合齿轮; 24t 混合齿轮; 36t 混合齿轮; 48t 混合齿轮; 60t 混合齿轮; 2x2 中心位移圆形锁片; 垫圈
228-7887,运动部件,直线运动合装,1x20 直线运动齿条; 1x5 直线运动梁; 1x6 直线运动梁; 1x8 直线运动梁; 2x 直线运动支架; 1x 直线运动支架; 1x6 直线运动齿条; 1x6 连续直线运动齿条
228-7888,结构部件,VEX IQ 薄塑料片附加合装,2x12 塑料 PET 片; 6x6 塑料 PET 片; 6x12 塑料 PET 片
228-7889,电子部件,"USB 电缆(A-C,300mm)(4根装)",USB A-C电缆 (300mm)
228-7980,套装产品,VEX IQ 竞赛套装(第二代),
228-8209,套装产品,VEX IQ 课堂小号组合装(第二代),
228-8210,套装产品,VEX IQ 课堂组合装(第二代),
228-8211,套装产品,VEX IQ 课堂大号组合装(第二代),
228-8657,套装产品,VEX IQ 教育系列套装(第二代)（无控制系统）,
228-8658,套装产品/电子部件,VEX IQ 系统组合装(第二代),
228-8795,套装产品/气动部件,IQ 气动件套装,
228-8899,套装产品,VEX IQ 教育系列套装(第二代),
228-9059,结构部件,VEX IQ 1x 直梁合装,
228-9136,电子部件,IQ AI 视觉仪,
269-6961,电子部件,USB电缆（A-C）,
276-1149,运动部件,"12"" 传动轴(4根装)",
276-3990,其他配件,橡皮筋 #64（10根装）,
276-8076,其他配件,EPDM 皮筋 #32(10根装),
276-8077,其他配件,EPDM 皮筋 #64(10根装),
