id,term_en,aka,zh,short_def,explanation,example,confused_with,blocks,python,domain,subdomain,tags,level,season,image,status
BLD-001,pitch,,孔距,The distance between two holes. VEX IQ sizes are counted in pitch.,"1 pitch = 12.7 mm (half an inch). Shafts, standoffs and rope are named by length in pitch: a 4x pitch shaft is 4 pitches long.",We need a 4x pitch standoff to fill this gap.,,,,BLD,general,measurement,1,,,draft
BLD-002,"hole count (1x8, 2x4…)",size name,"尺寸 (1x8, 2x4…)",How beams and plates are named: holes across x holes long.,A 1x8 beam is 1 hole wide and 8 holes long. A 4x4 plate is 4 holes by 4 holes. Count the holes to find a part's size.,Can you pass me a 2x8 beam?,,,,BLD,general,measurement,1,,,draft
BLD-003,offset,,位移,"Shifted to the side, so holes don't line up with the usual grid.","Offset parts (e.g. offset corner connectors) shift the attachment point, which helps when parts don't quite line up.",Use an offset connector so the gear meshes.,,,,BLD,general,,3,,,draft
BLD-004,travel,wheel travel,行程,How far a wheel rolls in one full turn.,"Tires are labeled by travel, e.g. 200mm travel. VEXcode needs the wheel travel to drive exact distances.",Our wheels have 200 mm travel.,,,,BLD,general,coding,2,,,draft
BLD-005,tooth count,"T (12T, 36T)",齿数,"The number of teeth on a gear or sprocket, written like 36T.",Gears and sprockets are named by tooth count. Comparing tooth counts tells you the gear ratio.,Swap the 12T gear for a 36T gear.,,,,BLD,general,measurement,1,,,draft
BLD-006,Robot Brain,Brain,主控器,The robot's computer. Motors and sensors plug into it.,"Runs your program, has a screen and buttons, and 12 Smart Ports. In VEXcode it is called the Brain.",Plug the motor into port 3 on the Brain.,BLD-007,,,BLD,electronics,coding,1,,,draft
BLD-007,Controller,remote,遥控器,Handheld device the driver uses to control the robot.,Has two joysticks and several buttons. It connects to the Brain wirelessly or with a tether cable.,Pair the controller with the Brain before the match.,BLD-006,,,BLD,electronics,coding,1,,,draft
BLD-008,Robot Battery,battery,主控器电池,Rechargeable battery that powers the Brain and motors.,Charge it before every practice and competition. A low battery makes motors weak and slow.,Is the battery charged?,,,,BLD,electronics,,1,,,draft
BLD-009,Smart Motor,motor,智能电机,Motor that spins a shaft and can measure how far it turned.,"It has a built-in sensor (encoder), so code can turn it an exact number of degrees or turns.",This arm needs a second Smart Motor.,,,,BLD,electronics,coding,1,,,draft
BLD-010,Smart Port,port,智能端口,A numbered socket on the Brain where motors and sensors plug in.,"The Brain has 12 Smart Ports. Any device can go in any port, but your code must use the right port number.",The left motor is in port 1.,BLD-011,,,BLD,electronics,coding,1,,,draft
BLD-011,Smart Cable,cable,智能电缆,Cable that connects a motor or sensor to a Smart Port.,Comes in lengths from 200 mm to 600 mm in the kit. Use the shortest one that reaches.,This cable is too short; get a 400 mm one.,BLD-010,,,BLD,electronics,,1,,,draft
BLD-012,USB cable,,USB电缆,Cable that connects the Brain or controller to a computer.,"Used to download programs, update firmware and charge.",Plug the USB cable into the Brain to download.,BLD-011,,,BLD,electronics,coding,1,,,draft
BLD-013,Touch LED,,LED触碰传感器,"Sensor you can tap, which can also light up in different colors.","Code can detect a press and set its color, e.g. green when the robot is ready.",Tap the Touch LED to start the program.,BLD-014,,,BLD,electronics,sensor;coding,2,,,draft
BLD-014,Bumper Switch,bumper,碰撞开关,Sensor that detects when it is pressed or bumped.,Often used to detect a wall or to stop an arm at its limit.,Put a bumper switch where the arm stops.,BLD-013,,,BLD,electronics,sensor;coding,2,,,draft
BLD-015,Optical Sensor,,光感仪,"Sensor that detects color, brightness and nearby objects.","Measures hue (color) and brightness, and can tell when an object is very close.",The Optical Sensor checks the color of the game piece.,BLD-016,,,BLD,electronics,sensor;coding,2,,,draft
BLD-016,Distance Sensor,,测距仪,Sensor that measures how far away an object is.,"Can measure distance to a wall or object, and is used to stop the robot at the right place.",Drive until the Distance Sensor reads 100 mm.,BLD-015,,,BLD,electronics,sensor;coding,2,,,draft
BLD-017,Pin Tool,,销钉钳,Tool for pushing in and pulling out pins and other parts.,"It has three ends: a pusher, a puller and a lever. Use it instead of fingernails or teeth!",Use the pin tool to pull out that pin.,,,,BLD,specialty,tool,1,,,draft
BLD-018,rubber band,,橡皮筋,Stretchy band that stores energy or pulls parts together.,"Used in intakes, catapults and to hold mechanisms in place. The kit has silicone rubber bands.",Add a rubber band to make the claw grip harder.,BLD-019,,,BLD,specialty,,1,,,draft
BLD-019,Rubber Band Anchor,,橡皮筋固定锚,Part that gives a rubber band a place to hook on.,"Attach it to the robot, then loop the rubber band around it.",Hook the band onto the rubber band anchor.,BLD-018,,,BLD,specialty,,2,,,draft
BLD-020,Cable Anchor,,智能电缆固定锚,Clip that holds a Smart Cable in place on the robot.,Keeps cables tidy so they don't get caught in moving parts.,Use cable anchors so the cable doesn't hit the gears.,,,,BLD,specialty,,2,,,draft
BLD-021,rope,,绳索,"Rope with loops on the ends, used with a spool to pull things.","Named by length in pitch, e.g. 24x pitch rope.",The rope pulls the lift up.,,,,BLD,specialty,,2,,,draft
BLD-022,spool,winch,绕线轮,Part that winds up rope when it turns.,"A spool on a motor shaft with rope makes a winch, which can pull a lift up.",The spool winds the rope.,,,,BLD,specialty,,2,,,draft
BLD-023,Intake Flap,flap,搜集器刮片,Flexible flap that attaches to chain to grab game pieces.,"Comes in short, medium and large. Attach flaps to chain or tread to build an intake.",Add more intake flaps so it grabs the ball.,BLD-024,,,BLD,specialty,,2,,,draft
BLD-024,Traction Link,,防滑链,Grippy link that attaches to chain or tread.,"Adds grip to chain or tread, for example in an intake.",Traction links help the intake grip the cube.,BLD-023,,,BLD,specialty,,3,,,draft
BLD-025,tank tread,tread,坦克履带,"Belt of links that wraps around sprockets, like on a tank.",Built from tank tread links. Used for treaded drivetrains or intakes.,Tank tread can climb over small bumps.,BLD-062,,,BLD,specialty,,2,,,draft
BLD-026,ratchet and pawl,ratchet; pawl,棘轮和棘爪,A gear and a catch that let something turn only one way.,The pawl drops into the ratchet's teeth so it can't turn backward.,The ratchet stops the lift from falling down.,,,,BLD,specialty,,3,,,draft
BLD-027,shock absorber,,减震器,Spring part that pushes back when it is squeezed.,Comes in weak and strong versions. Absorbs bumps or stores energy.,Use a strong shock absorber for the bumper.,,,,BLD,specialty,,3,,,draft
BLD-028,flywheel,flywheel weight,飞轮配重,Heavy wheel that stores spinning energy.,"Keeps spinning steadily, which helps launchers shoot consistently.",The flywheel launches the ball.,BLD-046,,,BLD,specialty,,3,,,draft
BLD-029,plastic sheet,PET sheet,塑料 PET 片,"Thin, bendable plastic sheet with holes.","Used for ramps, guides and walls. Attach it with sheet pins.",Make a ramp out of a plastic sheet.,BLD-052,,,BLD,specialty,,2,,,draft
BLD-030,sheet pin,,薄片销钉,Pin that holds a thin sheet onto the robot.,"Made for plastic sheets, paper or card.",Use sheet pins to attach the plastic sheet.,BLD-041,,,BLD,specialty,,3,,,draft
BLD-031,intake belt,rubber intake belt,橡胶搜集带,Rubber belt with ridges that grabs and pulls in game pieces.,Comes in small and large sizes.,The intake belt pulls the ball into the robot.,BLD-025,,,BLD,specialty,,3,,,draft
BLD-032,shaft,axle,传动轴,Square metal rod that carries turning motion.,"It is square so wheels and gears turn with it. Named by length in pitch, e.g. 4x pitch shaft.",Slide the gear onto the shaft.,BLD-044;BLD-043,,,BLD,shafts,,1,,,draft
BLD-033,motor shaft,,电机轴,Shaft made to fit into a Smart Motor.,"Comes in metal and plastic, named by length in pitch.",Put a motor shaft in the motor first.,BLD-034,,,BLD,shafts,,2,,,draft
BLD-034,capped shaft,,钉轴,Shaft with a cap on one end so it can't slide out.,"The cap holds parts on, so you need fewer shaft collars.",A capped shaft holds the wheel on.,BLD-033,,,BLD,shafts,,2,,,draft
BLD-035,plastic shaft,,胶轴,"Shaft made of plastic: lighter, but it bends more easily.",Good for parts that don't carry much load.,Use a metal shaft here; the plastic one bends.,BLD-032,,,BLD,shafts,,3,,,draft
BLD-036,shaft collar,collar,轴箍,Rubber ring that grips a shaft so parts don't slide off.,Push it onto the end of a shaft to hold wheels and gears in place.,Add a shaft collar so the wheel doesn't fall off.,BLD-037;BLD-038,,,BLD,shafts,,1,,,draft
BLD-037,spacer,shaft spacer,垫片,Small ring on a shaft that fills the gap between parts.,Keeps gears and wheels in the right position along a shaft.,Add a spacer so the gear lines up.,BLD-038;BLD-036,,,BLD,shafts,,2,,,draft
BLD-038,washer,,垫圈,"Thin, flat ring that reduces rubbing between parts.",Put it between a spinning part and the structure so it turns smoothly.,Put a washer between the wheel and the beam.,BLD-037,,,BLD,shafts,,2,,,draft
BLD-039,corner connector,,转角连接头,Part that joins beams and plates at a right angle.,"Named by width (1x or 2x wide), size (1x2, 2x2…) and number of sides (double, triple). In Chinese, 1x/2x wide = 单脚/双脚, and double/triple = 双头/三头.",Use a corner connector to attach the wall to the base.,BLD-045,,,BLD,connectors,,1,,,draft
BLD-040,chassis corner connector,,底盘转角连接头,Strong corner connector used to build a chassis frame.,"Comes in large and small, and left and right versions.",Use chassis corner connectors on the drivetrain.,BLD-039,,,BLD,connectors,,2,,,draft
BLD-041,connector pin,pin,销钉,Small plastic pin that snaps two parts together.,"Named by length on each side: 1x1, 1x2, 2x2. The kit has more of these than anything else.",Use 1x1 pins to join the two beams.,BLD-044;BLD-043;BLD-042,,,BLD,pins-standoffs,,1,,,draft
BLD-042,capped pin,0x2 pin; 0x3 pin,带帽销钉,"Pin with a cap on one side, so it only sticks out one way.","Named like 0x2: 0 on the capped side, 2 on the other side.",Use a capped pin so it doesn't stick out.,BLD-041,,,BLD,pins-standoffs,,2,,,draft
BLD-043,idler pin,,惰轮销钉,Pin with a round end so a gear can spin freely on it.,Gears on idler pins are not driven by a shaft; they just pass motion along.,Put the middle gear on an idler pin.,BLD-041;BLD-032,,,BLD,pins-standoffs,,2,,,draft
BLD-044,standoff,,撑柱,Post that holds two parts apart at a set distance.,Named by length in pitch. Join them to beams and plates with standoff connectors.,Use 2x pitch standoffs to make the frame wider.,BLD-032;BLD-041,,,BLD,pins-standoffs,,1,,,draft
BLD-045,standoff connector,,撑柱连接头,"Part that joins a standoff to beams, plates or other standoffs.","Types include mini, end, 90°, 45°, straight and truss.",Use an end standoff connector here.,BLD-039,,,BLD,pins-standoffs,,2,,,draft
BLD-046,wheel,,车轮,Round part that rolls; made of a hub and a tire.,Choose wheels by size (travel) and grip.,Our robot has four wheels.,BLD-058;BLD-028,,,BLD,wheels,,1,,,draft
BLD-047,hub,wheel hub,轮毂,"The center of a wheel, which fits onto a shaft.",A tire stretches over the hub.,Put the tire onto the hub.,BLD-048,,,BLD,wheels,,2,,,draft
BLD-048,tire,,轮胎,The rubber outside part of a wheel that grips the floor.,Different tires give different grip and travel.,This tire grips the field tiles well.,BLD-047,,,BLD,wheels,,2,,,draft
BLD-049,omni wheel,omni-directional wheel,万向轮,"Wheel with small rollers, so it can also slide sideways.",Omni wheels let a drivetrain turn smoothly.,Omni wheels help our robot turn.,BLD-046,,,BLD,wheels,drivetrain,1,,,draft
BLD-050,balloon tire,,气胎,"Soft, puffy tire with extra grip and bounce.","Named by diameter in pitch, e.g. 5x pitch diameter balloon tire.",Balloon tires give the robot more grip.,BLD-048,,,BLD,wheels,,3,,,draft
BLD-051,beam,,直梁,"Long, narrow structural piece with a row of holes.",Named by holes: a 1x8 beam is 1 hole wide and 8 holes long. 2x beams are 2 holes wide.,Use two 1x12 beams for the arm.,BLD-052,,,BLD,beams-plates,structure,1,,,draft
BLD-052,plate,,矩形块,"Flat, wide structural piece with a grid of holes.","Named by holes, e.g. 4x8 plate. VEX China calls plates 矩形块.",Build the base from a 4x8 plate.,BLD-051;BLD-029,,,BLD,beams-plates,structure,1,,,draft
BLD-053,angle beam,,弯梁,"Beam bent at an angle, such as 30°, 45° or 60°.","Named by size and angle, e.g. 3x3 60° angle beam.",Use a 45° angle beam to make the ramp.,BLD-054,,,BLD,beams-plates,structure,2,,,draft
BLD-054,right angle beam,L-beam,直角梁,L-shaped beam with a 90° corner.,"Named by size, e.g. 3x5 right angle beam.",A right angle beam makes the corner.,BLD-053;BLD-039,,,BLD,beams-plates,structure,2,,,draft
BLD-055,tee beam,T-beam,T型梁,T-shaped beam.,Joins three directions in one part.,Use a tee beam where the arms meet.,,,,BLD,beams-plates,structure,3,,,draft
BLD-056,lock beam,,锁片,"Beam with a square hole that locks onto a shaft, so both turn together.","Types include center lock, end lock and round lock beams. Used to attach arms to a shaft.",Lock the arm to the shaft with a lock beam.,BLD-051,,,BLD,beams-plates,,2,,,draft
BLD-057,corner beam,,转角梁,"Beam with a bend, used to build corners. Has left and right versions.","Comes in sizes like 1x1, 2x1 and 2x2, plus extended versions.",Use a left corner beam on this side.,BLD-054,,,BLD,beams-plates,structure,3,,,draft
BLD-058,gear,,齿轮,Wheel with teeth that meshes with another gear to pass on turning.,"Named by tooth count: 12T, 24T, 36T, 48T, 60T. Meshing gears turn in opposite directions.",The 12T gear drives the 60T gear.,BLD-061;BLD-046,,,BLD,gears,,1,,,draft
BLD-059,worm gear,worm,蜗杆,Screw-shaped gear that turns a normal gear slowly and strongly.,"A worm gear can't be turned backward by the gear it drives, so it holds its position.",The worm gear holds the arm up.,BLD-058,,,BLD,gears,,3,,,draft
BLD-060,rack gear,rack,齿条,Straight strip of gear teeth.,A gear turning against a rack moves it in a straight line.,The rack gear pushes the tray forward.,BLD-065,,,BLD,gears,,2,,,draft
BLD-061,sprocket,,链轮,Toothed wheel that drives a chain.,"Named by tooth count: 8T, 16T, 24T. Sprockets joined by chain turn the same direction.",Put a 16T sprocket on each shaft.,BLD-058,,,BLD,sprockets-chain,,1,,,draft
BLD-062,chain,chain link,链条,Loop of links that connects sprockets so they turn together.,"Built by snapping chain links together. Make it tight, but not too tight.",The chain came off the sprocket.,BLD-025;BLD-021,,,BLD,sprockets-chain,,1,,,draft
BLD-063,cam,drop cam,凸轮,Uneven wheel that pushes something up and down as it turns.,The kit has large and small drop cams.,The cam lifts the lever every turn.,BLD-058,,,BLD,cams,,3,,,draft
BLD-064,cam follower,,凸轮从动件,Part that rides on a cam and moves as the cam turns.,,The cam follower moves up and down.,BLD-063,,,BLD,cams,,3,,,draft
BLD-065,linear motion beam,,直线运动梁,Track that lets a bracket slide along it in a straight line.,Used with linear motion brackets to build sliders.,The tray slides along a linear motion beam.,BLD-060;BLD-051,,,BLD,linear-motion,,3,,,draft
BLD-066,linear motion bracket,slider,直线运动支架,Part that slides along a linear motion beam.,Comes in 1x and 2x pitch versions.,Attach the claw to the linear motion bracket.,BLD-065,,,BLD,linear-motion,,3,,,draft
BLD-067,pneumatics,,气动,Using compressed air to move parts.,"The VEX IQ pneumatics kit includes a pump, air tank, valve, cylinder and tubing.",We could use pneumatics for the claw.,,,,BLD,pneumatics,,2,,,draft
BLD-068,pneumatic cylinder,cylinder; piston,气缸,Part that pushes out or pulls in when air goes in.,Extends and retracts quickly. Controlled by a valve.,The cylinder pushes the game piece off.,BLD-027,,,BLD,pneumatics,coding,2,,,draft
BLD-069,air pump,pump,气泵,Pump that fills the pneumatic system with compressed air.,Plugs into a Smart Port and is turned on by code.,Turn the pump on at the start of the match.,,,,BLD,pneumatics,coding,2,,,draft
BLD-070,air tank,tank; reservoir,气罐,Container that stores compressed air.,More stored air means more cylinder movements.,Check that the air tank is full.,,,,BLD,pneumatics,,3,,,draft
BLD-071,solenoid valve,valve,气动控制阀,Valve controlled by code that sends air to a cylinder.,Opens or closes to make a cylinder extend or retract.,The valve controls both cylinders.,BLD-069,,,BLD,pneumatics,coding,3,,,draft
BLD-072,air tubing,tubing; hose,气管,Plastic tube that carries air between pneumatic parts.,"Cut it to length, and join pieces with fittings.",The tubing is leaking; replace it.,,,,BLD,pneumatics,,2,,,draft
BLD-073,fitting,T-fitting,接口,Connector that joins pieces of air tubing.,T-fittings split air to two places; straight fittings join two tubes.,Use a T-fitting to connect two cylinders.,,,,BLD,pneumatics,,3,,,draft
